name,email,contact_id,gender,start_date,week_today,set_rmm_week,set_checkin_week,add_tags,note
Isaac Thorpe,Isaac.thorpe@hotmail.com,pKyx3Y4eaXNdhv1uewFK,men,2026-07-29,10,10,10,"catchup- rmm (men), catchup- checkin (men)",
Curtis Spearman,charris79780@gmail.com,DkHDqm3jjUUiY5PP1xxN,men,2026-07-31,9,9,,catchup- rmm (men),
Todd Varnadoe,toddvarnadoe@gmail.com,YfxXAecsnQat98tw400P,men,2026-08-04,9,9,9,"catchup- rmm (men), catchup- checkin (men)",
Dustin Quick,99@yahoo.com,pdx91506uuHt2RPQDsFG,men,2026-08-04,9,9,,catchup- rmm (men),
Brian Galfo,galfo877@gmail.com,XyVZxFQoVLTE04cqbIY6,men,2026-08-11,8,8,,catchup- rmm (men),
Brandon Gallas,bgallas_1@hotmail.com,JPfBs6MdAbv5oYCEyWL6,men,2026-08-12,8,8,,catchup- rmm (men),
Gavin Butcher,gbutcherpga@gmail.com,JH7ah4vDIYTrG9bS8x96,men,2026-08-14,7,7,,catchup- rmm (men),
Oli Adams,adams_oli@hotmail.co.uk,pp1l63gcI5mkfmsiekOj,men,2026-08-17,7,7,7,"catchup- rmm (men), catchup- checkin (men)",Hazel: rmm men (accelerator)
Steve Piorro,steve@naked.media,lu0z9qd2CMSyU5CKOPRR,men,2026-08-17,7,7,7,"catchup- rmm (men), catchup- checkin (men)","Hazel: rmm men (couples), VIP couples = accelerator equivalent, include check-ins"
Bjarni Freyr,bjarni@volcanotrails.is,TYXkxpPtLChwKnniClih,men,2026-08-17,7,7,,catchup- rmm (men),Hazel: rmm men
Greg  White,Greg@amcraftcabinets.com,UGr9iMM06nVFycyct7if,men,2026-08-19,7,7,,catchup- rmm (men),
Aidan Zwar,aidanzwar20@outlook.com,m28HpwG1eHuOty0x9y3d,men,2026-08-19,7,7,7,"catchup- rmm (men), catchup- checkin (men)",
Chris DeVito,csdevito89@gmail.com,bcBm1FxNXJyy0N2Q1pyk,men,2026-08-20,6,6,6,"catchup- rmm (men), catchup- checkin (men)",
Shea Fehrenbach,shea.fehrenbach@gmail.com,Ubw9sqkHpuLrxUbq7jL8,men,2026-08-22,6,6,,catchup- rmm (men),wrong tag | Hazel: rmm men (accelerator)
Kevin O’Dwyer,kevin@odwyerfamily.net,7wNYS9AVIdseX7QQGsN5,men,2026-08-23,6,6,,catchup- rmm (men),
paul Fluharty,paul.i.fluharty@gmail.com,iUNlWfdj2KVQebnycBsa,men,2026-08-23,6,6,,catchup- rmm (men),Hazel: rmm men
Philip Stalewski,philip.j.stalewski@gmail.com,UE9XC7bNu86uSFGE6jfJ,men,2026-08-23,6,6,6,"catchup- rmm (men), catchup- checkin (men)",
Lucas Watson,watsonlucas.1@gmail.com,lfdkBpS0kcMbfxdYwMXm,men,2026-08-25,6,6,6,"catchup- rmm (men), catchup- checkin (men)",
Robert Gregory,r0b28591@gmail.com,J3x3s7D9XbfS5ZoMjNcZ,men,2026-08-27,5,5,5,"catchup- rmm (men), catchup- checkin (men)",
Brian Mitchell,climbing2jesus@yahoo.com,M7lT33UZAhef38NiRfaM,men,2026-08-27,5,5,,catchup- rmm (men),
jakoda,jmathews428@hotmail.com,wDViMsqgG7dM3eK7JLrZ,men,2026-08-29,5,5,5,"catchup- rmm (men), catchup- checkin (men)",
Jed padilla,jedpadilla@gmail.com,aSiaOYtwMi1XBFhXtEoj,men,2026-08-31,5,5,5,"catchup- rmm (men), catchup- checkin (men)",Hazel: rmm men
Tyler Rieland,tylerrieland1@gmail.com,Rq2rcRcuw4wa6PBvC65h,men,2026-09-02,5,5,5,"catchup- rmm (men), catchup- checkin (men)",
Russ Carnes,russell.carnes91@gmail.com,YNaABbqugCxhK4MkzF6m,men,2026-09-02,5,5,,catchup- rmm (men),
Nathan Whitaker,whitakern@lithko.com,QBLCwImoJOMs1YvShYnh,men,2026-09-02,5,5,5,"catchup- rmm (men), catchup- checkin (men)",
Eric Da Rosa,ericdarosa@comcast.net,p27hBY8mrpqcwlrC48Tn,men,2026-09-08,4,4,,catchup- rmm (men),
Can (John) Evizi,csevizi@gmail.com,lkSlEGsoSoAALJydScKF,men,2026-09-09,4,4,4,"catchup- rmm (men), catchup- checkin (men)",re-matched in GHL by real email/name
Javier Alcover,javieralcover@gmail.com,GenZ4aleEiEFtC9qzkyG,men,2026-09-09,4,4,4,"catchup- rmm (men), catchup- checkin (men)",Hazel: rmm men (accelerator)
Darren Wang,darrenwang1108@gmail.com,zpNGyuM7h1qyTFnZGVqH,men,2026-09-09,4,4,4,"catchup- rmm (men), catchup- checkin (men)",
Nick Sincerbox,nsincerbox@gmail.com,EyqvyJX5xdq2pxz0K5rl,men,2026-09-10,3,3,3,"catchup- rmm (men), catchup- checkin (men)",
Brandon Martin,wm.brandon.martin@gmail.com,ImncHqmrVb3g0g2zh0bz,men,2026-09-10,3,3,3,"catchup- rmm (men), catchup- checkin (men)",
Dylan Russum,dylanrussum@gmail.com,rHO8XMluRT1bTo6LfAGt,men,2026-09-15,3,3,,catchup- rmm (men),
Cooper Tan,cooptann@gmail.com,jzEmwRiUXQwfjOjV9juS,men,2026-09-16,3,3,,catchup- rmm (men),
Brendan Logan,brendanlogan8@gmail.com,b3F24DykQ6POAhYux9vH,men,2026-09-17,2,2,,catchup- rmm (men),
Zachary Schmid,schmid.zachary77@gmail.com,23wpbWUPiXpChGrWAAZP,men,2026-09-18,2,2,2,"catchup- rmm (men), catchup- checkin (men)",
Nick Cazel,nick.cazel1927@gmail.com,dPj6U1HcJdgqxRAzzwbk,men,2026-09-18,2,2,,catchup- rmm (men),"email from Hazel, re-match contact | re-matched in GHL by real email/name"
Vadim Kuzilov,kuzilovvadim@gmail.com,ecNQSIGcy2qMvdNRROPe,men,2026-09-21,2,2,,catchup- rmm (men),Hazel: rmm men
Adam McCabe,adamsrabbitry26@hotmail.com,FlQt4xbvaQDDsoVflm1j,men,2026-09-21,2,2,2,"catchup- rmm (men), catchup- checkin (men)",
Doug Roland,daroland@gmail.com,g7uvTfCkinZ59x1dU0oe,men,2026-09-21,2,2,2,"catchup- rmm (men), catchup- checkin (men)",
Bryan Draper,bryanjdraper@gmail.com,SH4XPqqbgMmBh89HiUNQ,men,2026-09-23,2,2,,catchup- rmm (men),
Justin Huntington,justinhuntington061@gmail.com,F2ER6k4TUV7YXMPOT9Q8,men,2026-09-24,1,,,NORMAL TAGS: general- rrm men + rmm- checkin (men),"Week 1: use the normal sequence tags, no catch-up"
Jared Douglas McGrath,mcgrathstruckandtree@yahoo.com,Jni7zRqNg53qA7kJV1FD,men,2026-09-24,1,,,NORMAL TAGS: general- rrm men + rmm- checkin (men),"Week 1: use the normal sequence tags, no catch-up"
Ashley McCarthy,ashley.mulwee@icloud.com,Y64ey0diZUQX5Qs3o3E0,women,2026-07-31,9,9,9,"catchup- rmm (women), catchup- checkin (women)",
Jessica Retterath,jessi.m.jacobson@gmail.com,HSQr3w4UYXPk740JCm0U,women,2026-08-07,8,8,8,"catchup- rmm (women), catchup- checkin (women)",
Melissa Gorsich Reitter,mcarp24@aol.com,x64xTm1zsk0Jd2jRqezK,women,2026-08-12,8,8,8,"catchup- rmm (women), catchup- checkin (women)",Hazel: rmm women
Lindsy Baize,wacolindsy@gmail.com,drWt7V5o83wUm5RADMtu,women,2026-08-12,8,8,8,"catchup- rmm (women), catchup- checkin (women)",
Lacey Williams,lacey.williams1445@gmail.com,UkC8DeZJ5mnf9qBflHUH,women,2026-08-13,7,7,,catchup- rmm (women),"email from Hazel, re-match contact | re-matched in GHL by real email/name"
Marisa Lacey,marisawalden@gmail.com,0cEn8yJCN7B1yhhhFjNG,women,2026-08-16,7,7,,catchup- rmm (women),
Kathleen Weber,kathleensweber07@gmail.com,WzzbY85MDBn2P6LFdIIv,women,2026-08-16,7,7,7,"catchup- rmm (women), catchup- checkin (women)",
Kali Piorro,kalipiorro@gmail.com,PeJRTyoWU3bwaTVidsO4,women,2026-08-17,7,7,7,"catchup- rmm (women), catchup- checkin (women)","Hazel: rmm women, VIP couples = accelerator equivalent, include check-ins"
Ranae Candia,ranae.candia13@gmail.com,wGTkPywwz4zhtzc3C7Ts,women,2026-08-23,6,6,,catchup- rmm (women),
Deborah Mitter,deborahamitter1021@att.net,Kg8rEPheoUXg5axdqm2y,women,2026-08-25,6,6,,catchup- rmm (women),wrong tag | Hazel: rmm women
Nina Ushman,nina.ushman@gmail.com,qoGXsel1OOHCWtZUqtMo,women,2026-08-27,5,5,5,"catchup- rmm (women), catchup- checkin (women)",
Leslie Luss,leslieluss12@gmail.com,fk2G9EhxMhQZ1XpVVzow,women,2026-09-03,4,4,4,"catchup- rmm (women), catchup- checkin (women)",
Tonya Brocket,punkrock_mom@yahoo.com,LPT35PsBLaEiVb2CD4n5,women,2026-09-03,4,4,,catchup- rmm (women),
Melanie Han,melaniehan@yahoo.com,PbvI1qA9LASe2kzZML6v,women,2026-09-04,4,4,4,"catchup- rmm (women), catchup- checkin (women)",
Justina Avila-Rieger,justinaavila48@gmail.com,wLirU8nYeY6rWPsOVDfx,women,2026-09-08,4,4,4,"catchup- rmm (women), catchup- checkin (women)",
Karen Thompson,karenethompson11@gmail.com,HZhE8ElE9ZgJ3AYzcaq7,women,2026-09-14,3,3,3,"catchup- rmm (women), catchup- checkin (women)",
Brianna Coppage,briwinistoerfer@gmail.com,qEKA7IMR1RNO0YCsHWmK,women,2026-09-15,3,3,3,"catchup- rmm (women), catchup- checkin (women)",
Heather Kauffman,hkauffman@hotmail.com,xQE9rVU9umRXo1dPLCIg,women,2026-09-17,2,2,,catchup- rmm (women),
Marit Rydland,soulspace.as@gmail.com,OhaVS1HWx3twHOp5h3OP,women,2026-09-22,2,2,,catchup- rmm (women),
Leslie Ames,leslieames@yahoo.com,9EBIhFwIQMXESdACgWmC,women,2026-09-24,1,,,NORMAL TAGS: general- rmm women,"Week 1: use the normal sequence tags, no catch-up"
