name,email,contact_id,gender,program_tag,current_week,needs_rmm_sequence,needs_checkin_sequence,has_rmm_tag,has_checkin_tag,hazel_flag
Curtis Spearman,charris79780@gmail.com,DkHDqm3jjUUiY5PP1xxN,men,client - accelerator men,9,yes,no,,,
Isaac Thorpe,Isaac.thorpe@hotmail.com,pKyx3Y4eaXNdhv1uewFK,men,client - accelerator men,9,yes,yes,,,
Ashley McCarthy,ashley.mulwee@icloud.com,Y64ey0diZUQX5Qs3o3E0,women,client - accelerator women,9,yes,yes,,,
Todd Varnadoe,toddvarnadoe@gmail.com,YfxXAecsnQat98tw400P,men,client - accelerator men,8,yes,yes,,,
Dustin Quick,99@yahoo.com,pdx91506uuHt2RPQDsFG,men,client - accelerator men,8,yes,no,,rmm- checkin (men),
Jessica Retterath,jessi.m.jacobson@gmail.com,HSQr3w4UYXPk740JCm0U,women,client - accelerator women,8,yes,yes,,,
Brian Galfo,galfo877@gmail.com,XyVZxFQoVLTE04cqbIY6,men,client - group only men,7,yes,no,,,
Melissa Gorsich Reitter,mcarp24@aol.com,x64xTm1zsk0Jd2jRqezK,women,,7,yes,yes,,,Hazel: rmm women
Lindsy Baize,wacolindsy@gmail.com,drWt7V5o83wUm5RADMtu,women,client - accelerator women,7,yes,yes,,,
Brandon Gallas,bgallas_1@hotmail.com,JPfBs6MdAbv5oYCEyWL6,men,client - group only men,7,yes,no,,,
Lacey Williams,lacey.williams1445@gmail.com,UkC8DeZJ5mnf9qBflHUH,women,client - group only women,7,yes,no,,,"email from Hazel, re-match contact | re-matched in GHL by real email/name"
Gavin Butcher,gbutcherpga@gmail.com,JH7ah4vDIYTrG9bS8x96,men,client - group only men,7,yes,no,,,
Marisa Lacey,marisawalden@gmail.com,0cEn8yJCN7B1yhhhFjNG,women,client - group only women,7,yes,no,,,
Kathleen Weber,kathleensweber07@gmail.com,WzzbY85MDBn2P6LFdIIv,women,client - accelerator women,7,yes,yes,,,
Oli Adams,adams_oli@hotmail.co.uk,pp1l63gcI5mkfmsiekOj,men,,7,yes,yes,,,Hazel: rmm men (accelerator)
Kali Piorro,kalipiorro@gmail.com,PeJRTyoWU3bwaTVidsO4,women,client - couples coaching,7,yes,yes,,,"Hazel: rmm women, VIP couples = accelerator equivalent, include check-ins"
Steve Piorro,steve@naked.media,lu0z9qd2CMSyU5CKOPRR,men,,7,yes,yes,,,"Hazel: rmm men (couples), VIP couples = accelerator equivalent, include check-ins"
Bjarni Freyr,bjarni@volcanotrails.is,TYXkxpPtLChwKnniClih,men,,7,yes,no,,,Hazel: rmm men
Greg  White,Greg@amcraftcabinets.com,UGr9iMM06nVFycyct7if,men,client - group only men,6,yes,no,,,
Aidan Zwar,aidanzwar20@outlook.com,m28HpwG1eHuOty0x9y3d,men,client - accelerator men,6,yes,yes,,,
Chris DeVito,csdevito89@gmail.com,bcBm1FxNXJyy0N2Q1pyk,men,client - accelerator men,6,yes,yes,,,
Shea Fehrenbach,shea.fehrenbach@gmail.com,Ubw9sqkHpuLrxUbq7jL8,men,client - accelerator men,6,yes,no,,rmm- checkin (men),wrong tag | Hazel: rmm men (accelerator)
Kevin O’Dwyer,kevin@odwyerfamily.net,7wNYS9AVIdseX7QQGsN5,men,client - accelerator men,6,yes,no,,rmm- checkin (men),
paul Fluharty,paul.i.fluharty@gmail.com,iUNlWfdj2KVQebnycBsa,men,client - couples coaching,6,yes,no,,,Hazel: rmm men
Ranae Candia,ranae.candia13@gmail.com,wGTkPywwz4zhtzc3C7Ts,women,client - couples coaching|client - course only women,6,yes,no,,rmm- checkin (women),
Philip Stalewski,philip.j.stalewski@gmail.com,UE9XC7bNu86uSFGE6jfJ,men,client - accelerator men,6,yes,yes,,,
Lucas Watson,watsonlucas.1@gmail.com,lfdkBpS0kcMbfxdYwMXm,men,client - accelerator men,5,yes,yes,,,
Robert Gregory,r0b28591@gmail.com,J3x3s7D9XbfS5ZoMjNcZ,men,client - accelerator men,5,yes,yes,,,
Deborah Mitter,deborahamitter1021@att.net,Kg8rEPheoUXg5axdqm2y,women,client - group only women,5,yes,no,,,wrong tag | Hazel: rmm women
Nina Ushman,nina.ushman@gmail.com,qoGXsel1OOHCWtZUqtMo,women,client - accelerator women,5,yes,yes,,,
Brian Mitchell,climbing2jesus@yahoo.com,M7lT33UZAhef38NiRfaM,men,client - course only men,5,yes,no,,,
jakoda,jmathews428@hotmail.com,wDViMsqgG7dM3eK7JLrZ,men,client - accelerator men,5,yes,yes,,,
Jed padilla,jedpadilla@gmail.com,aSiaOYtwMi1XBFhXtEoj,men,,5,yes,yes,,,Hazel: rmm men
Tyler Rieland,tylerrieland1@gmail.com,Rq2rcRcuw4wa6PBvC65h,men,client - accelerator men,4,yes,yes,,,
Russ Carnes,russell.carnes91@gmail.com,YNaABbqugCxhK4MkzF6m,men,client - group only men,4,yes,no,,,
Nathan Whitaker,whitakern@lithko.com,QBLCwImoJOMs1YvShYnh,men,client - accelerator men,4,yes,yes,,,
Leslie Luss,leslieluss12@gmail.com,fk2G9EhxMhQZ1XpVVzow,women,client - accelerator women,4,yes,yes,,,
Tonya Brocket,punkrock_mom@yahoo.com,LPT35PsBLaEiVb2CD4n5,women,client - group only women,4,yes,no,,,
Melanie Han,melaniehan@yahoo.com,PbvI1qA9LASe2kzZML6v,women,client - accelerator women|client - rmm accelerator women,4,yes,yes,,,
Justina Avila-Rieger,justinaavila48@gmail.com,wLirU8nYeY6rWPsOVDfx,women,client - accelerator women,3,yes,yes,,,
Eric Da Rosa,ericdarosa@comcast.net,p27hBY8mrpqcwlrC48Tn,men,client - group only men,3,yes,no,,,
Can (John) Evizi,csevizi@gmail.com,lkSlEGsoSoAALJydScKF,men,client - accelerator men|client - rmm accelerator men,3,yes,yes,,,re-matched in GHL by real email/name
Javier Alcover,javieralcover@gmail.com,GenZ4aleEiEFtC9qzkyG,men,,3,yes,yes,,,Hazel: rmm men (accelerator)
Darren Wang,darrenwang1108@gmail.com,zpNGyuM7h1qyTFnZGVqH,men,client - vip sophie men,3,yes,yes,,,
Alex Baldassari -,abaldessari@gmail.com,NOT FOUND,CONFIRM,,3,yes,yes,,,
Nick Sincerbox,nsincerbox@gmail.com,EyqvyJX5xdq2pxz0K5rl,men,client - accelerator men,3,yes,yes,,,
Brandon Martin,wm.brandon.martin@gmail.com,ImncHqmrVb3g0g2zh0bz,men,client - rmm accelerator men,3,yes,yes,,,
Karen Thompson,karenethompson11@gmail.com,HZhE8ElE9ZgJ3AYzcaq7,women,client - group only women,3,yes,yes,,,
Brianna Coppage,briwinistoerfer@gmail.com,qEKA7IMR1RNO0YCsHWmK,women,client - accelerator women|client - rmm accelerator women,2,yes,yes,,,
Dylan Russum,dylanrussum@gmail.com,rHO8XMluRT1bTo6LfAGt,men,client - course only men,2,yes,no,,,
Cooper Tan,cooptann@gmail.com,jzEmwRiUXQwfjOjV9juS,men,client - group only men,2,yes,no,,,
Brendan Logan,brendanlogan8@gmail.com,b3F24DykQ6POAhYux9vH,men,client - accelerator men,2,yes,no,,,
Heather Kauffman,hkauffman@hotmail.com,xQE9rVU9umRXo1dPLCIg,women,client - rmm women,2,yes,no,,,
Zachary Schmid,schmid.zachary77@gmail.com,23wpbWUPiXpChGrWAAZP,men,client - rmm accelerator men,2,yes,yes,,,
Nick Cazel,nick.cazel1927@gmail.com,dPj6U1HcJdgqxRAzzwbk,men,client - group only men,2,yes,no,,,"email from Hazel, re-match contact | re-matched in GHL by real email/name"
Vadim Kuzilov,kuzilovvadim@gmail.com,ecNQSIGcy2qMvdNRROPe,men,,2,yes,no,,,Hazel: rmm men
Adam McCabe,adamsrabbitry26@hotmail.com,FlQt4xbvaQDDsoVflm1j,men,client - rmm accelerator men,2,yes,yes,,,
Marit Rydland,soulspace.as@gmail.com,OhaVS1HWx3twHOp5h3OP,women,client - group only women,1,yes,no,,,
Doug Roland,daroland@gmail.com,g7uvTfCkinZ59x1dU0oe,men,client - rmm accelerator men,2,yes,yes,,,
Bryan Draper,bryanjdraper@gmail.com,SH4XPqqbgMmBh89HiUNQ,men,client - accelerator men|client - rmm accelerator men,1,yes,no,,,
Justin Huntington,justinhuntington061@gmail.com,F2ER6k4TUV7YXMPOT9Q8,men,client - accelerator men|client - rmm accelerator men,1,yes,yes,,,
Leslie Ames,leslieames@yahoo.com,9EBIhFwIQMXESdACgWmC,women,client - rmm accelerator women,1,yes,no,,rmm- checkin (women),
Jared Douglas McGrath,mcgrathstruckandtree@yahoo.com,Jni7zRqNg53qA7kJV1FD,men,client - rmm accelerator men,1,yes,yes,,,
