name,email,started,week,hazel_note,flag,contact_id,gender,program_tags,rmm_tag,checkin_tag
Curtis Spearman,charris79780@gmail.com,July 31,Week 9,,,DkHDqm3jjUUiY5PP1xxN,men,client - accelerator men,,
Isaac Thorpe,Isaac.thorpe@hotmail.com,July 29,Week 9,no rmm and checkin,,pKyx3Y4eaXNdhv1uewFK,men,client - accelerator men,,
Ashley McCarthy,ashley.mulwee@icloud.com,July 31,Week 9,no rmm and checkin,,Y64ey0diZUQX5Qs3o3E0,women,client - accelerator women,,
Todd Varnadoe,toddvarnadoe@gmail.com,August 4,Week 8,no rmm and checkin,,YfxXAecsnQat98tw400P,men,client - accelerator men,,
Dustin Quick,99@yahoo.com,Aug 4,Week 8,no rmm   ,,pdx91506uuHt2RPQDsFG,men,client - accelerator men,,rmm- checkin (men)
Jessica Retterath,jessi.m.jacobson@gmail.com,Aug 7,Week 8,no rmm and checkin,,HSQr3w4UYXPk740JCm0U,women,client - accelerator women,,
Brian Galfo,galfo877@gmail.com,8/11/26,Week 7,no rmm,,XyVZxFQoVLTE04cqbIY6,men,client - group only men,,
Melissa Gorsich Reitter,mcarp24@aol.com,Aug 12,Week 7,no rmm and checkin,,x64xTm1zsk0Jd2jRqezK,?,,,
Lindsy Baize,wacolindsy@gmail.com,Aug 12,Week 7,no rmm and checkin,,drWt7V5o83wUm5RADMtu,women,client - accelerator women,,
Brandon Gallas,bgallas_1@hotmail.com,Aug 12,Week 7,no rmm,,JPfBs6MdAbv5oYCEyWL6,men,client - group only men,,
Lacey Williams,Lacey Williams,Aug 13,Week 7,no rmm,,UkC8DeZJ5mnf9qBflHUH,women,client - group only women,,
Gavin Butcher,gbutcherpga@gmail.com,Aug 14,Week 7,no rmm ,,JH7ah4vDIYTrG9bS8x96,men,client - group only men,,
Marisa Lacey,marisawalden@gmail.com,Aug 16,Week 7,no rmm,,0cEn8yJCN7B1yhhhFjNG,women,client - group only women,,
Kathleen Weber,kathleensweber07@gmail.com,Aug 16,Week 7,no rmm and checkin,,WzzbY85MDBn2P6LFdIIv,women,client - accelerator women,,
Oli Adams,adams_oli@hotmail.co.uk,Aug 17,Week 7,no rmm and checkin,,pp1l63gcI5mkfmsiekOj,?,,,
Kali Piorro,kalipiorro@gmail.com,Aug 17,Week 7,no rmm and checkin,,PeJRTyoWU3bwaTVidsO4,?,client - couples coaching,,
Steve Piorro,steve@naked.media,Aug 17,Week 7,no rmm and checkin,,lu0z9qd2CMSyU5CKOPRR,?,,,
Bjarni Freyr,bjarni@volcanotrails.is,Aug 17,Week 7,no rmm,,TYXkxpPtLChwKnniClih,?,,,
Greg  White,Greg@amcraftcabinets.com,Aug 19,Week 6,no rmm,,UGr9iMM06nVFycyct7if,men,client - group only men,,
Aidan Zwar,aidanzwar20@outlook.com,Aug 19,Week 6,no rmm and checkin,,m28HpwG1eHuOty0x9y3d,men,client - accelerator men,,
Chris DeVito,csdevito89@gmail.com,Aug 20,Week 6,no rmm and checkin,,bcBm1FxNXJyy0N2Q1pyk,men,client - accelerator men,,
Shea Fehrenbach,shea.fehrenbach@gmail.com,Aug 22,Week 6,no rmm,wrong tag,Ubw9sqkHpuLrxUbq7jL8,men,client - accelerator men,,rmm- checkin (men)
Kevin O’Dwyer,kevin@odwyerfamily.net,Aug 23,Week 6,no rmm,,7wNYS9AVIdseX7QQGsN5,men,client - accelerator men,,rmm- checkin (men)
paul Fluharty,paul.i.fluharty@gmail.com,Aug 23,Week 6,no rmm,,iUNlWfdj2KVQebnycBsa,?,client - couples coaching,,
Ranae Candia,ranae.candia13@gmail.com,Aug 23,Week 6,no rmm,,wGTkPywwz4zhtzc3C7Ts,women,client - couples coaching|client - course only women,,rmm- checkin (women)
Philip Stalewski,philip.j.stalewski@gmail.com,Aug 23,Week 6,no rmm and checkin,,UE9XC7bNu86uSFGE6jfJ,men,client - accelerator men,,
Lucas Watson,watsonlucas.1@gmail.com,Aug 25,Week 5,no rmm and checkin,,lfdkBpS0kcMbfxdYwMXm,men,client - accelerator men,,
Robert Gregory,r0b28591@gmail.com,Aug 27,Week 5,no rmm and checkin,,J3x3s7D9XbfS5ZoMjNcZ,men,client - accelerator men,,
Deborah Mitter,deborahamitter1021@att.net,Aug 25,Week 5,no rmm,wrong tag,Kg8rEPheoUXg5axdqm2y,women,client - group only women,,
Nina Ushman,nina.ushman@gmail.com,8.27.26,Week 5,no rmm and checkin,,qoGXsel1OOHCWtZUqtMo,women,client - accelerator women,,
Brian Mitchell,climbing2jesus@yahoo.com,8.27.26,Week 5,no rmm,,M7lT33UZAhef38NiRfaM,men,client - course only men,,
jakoda,jmathews428@hotmail.com,Aug 29,Week 5,no rmm and checkin,,wDViMsqgG7dM3eK7JLrZ,men,client - accelerator men,,
Jed padilla,jedpadilla@gmail.com,8.31.26,Week 5,no rmm and checkin,,aSiaOYtwMi1XBFhXtEoj,?,,,
Tyler Rieland,tylerrieland1@gmail.com,9.2.26,Week 4,no rmm and checkin,,Rq2rcRcuw4wa6PBvC65h,men,client - accelerator men,,
Russ Carnes,russell.carnes91@gmail.com,9.2.26,Week 4,no rmm,,YNaABbqugCxhK4MkzF6m,men,client - group only men,,
Nathan Whitaker,whitakern@lithko.com,9.2.26,Week 4,no rmm and checkin,,QBLCwImoJOMs1YvShYnh,men,client - accelerator men,,
Leslie Luss,leslieluss12@gmail.com,9.3.26,Week 4,no rmm and checkin,,fk2G9EhxMhQZ1XpVVzow,women,client - accelerator women,,
Tonya Brocket,punkrock_mom@yahoo.com,9.3.26,Week 4,no rmm,,LPT35PsBLaEiVb2CD4n5,women,client - group only women,,
Melanie Han,melaniehan@yahoo.com,9.4.26,Week 4,no rmm and checkin,,PbvI1qA9LASe2kzZML6v,women,client - accelerator women|client - rmm accelerator women,,
Justina Avila-Rieger,justinaavila48@gmail.com,9.8.26,Week 3,no rmm and checkin,,wLirU8nYeY6rWPsOVDfx,women,client - accelerator women,,
Eric Da Rosa,ericdarosa@comcast.net,9.8.26,Week 3,no rmm,,p27hBY8mrpqcwlrC48Tn,men,client - group only men,,
Can (John) Evizi,camevizi@yahoo.com,9.9.26,Week 3,no rmm and checkin,,NOT FOUND,,,,
Javier Alcover,javieralcover@gmail.com,9.9.26,Week 3,no rmm and checkin,,GenZ4aleEiEFtC9qzkyG,?,,,
Darren Wang,darrenwang1108@gmail.com,9.9.26,Week 3,no rmm and checkin,,zpNGyuM7h1qyTFnZGVqH,men,client - vip sophie men,,
Alex Baldassari -,abaldessari@gmail.com,9.10.26,Week 3,no rmm and checkin,,NOT FOUND,,,,
Nick Sincerbox,nsincerbox@gmail.com,9.10.26,Week 3,no rmm and checkin,,EyqvyJX5xdq2pxz0K5rl,men,client - accelerator men,,
Brandon Martin,wm.brandon.martin@gmail.com,9.10.26,Week 3,no rmm and checkin,,ImncHqmrVb3g0g2zh0bz,men,client - rmm accelerator men,,
Karen Thompson,karenethompson11@gmail.com,9.14.26,Week 3,no rmm and checkin,,HZhE8ElE9ZgJ3AYzcaq7,women,client - group only women,,
Brianna Coppage,briwinistoerfer@gmail.com,9.15.26,Week 2,no rmm and checkin,,qEKA7IMR1RNO0YCsHWmK,women,client - accelerator women|client - rmm accelerator women,,
Dylan Russum,dylanrussum@gmail.com,9.15.26,Week 2,no rmm,,rHO8XMluRT1bTo6LfAGt,men,client - course only men,,
Cooper Tan,cooptann@gmail.com,9.16.26,Week 2,no rmm,,jzEmwRiUXQwfjOjV9juS,men,client - group only men,,
Brendan Logan,brendanlogan8@gmail.com,9.17.26,Week 2,no rmm,,b3F24DykQ6POAhYux9vH,men,client - accelerator men,,
Heather Kauffman,hkauffman@hotmail.com,9.17.26,Week 2,no rmm,,xQE9rVU9umRXo1dPLCIg,women,client - rmm women,,
Zachary Schmid,schmid.zachary77@gmail.com,9.18.26,Week 2,no rmm and checkin,,23wpbWUPiXpChGrWAAZP,men,client - rmm accelerator men,,
Nick Cazel,hkauffman@hotmail.com,9.18.26,Week 2,no rmm,,xQE9rVU9umRXo1dPLCIg,women,client - rmm women,,
Vadim Kuzilov,kuzilovvadim@gmail.com,9.21.26,Week 2,no rmm,,ecNQSIGcy2qMvdNRROPe,?,,,
Adam McCabe,adamsrabbitry26@hotmail.com,9.21.26,Week 2,no rmm and checkin,,FlQt4xbvaQDDsoVflm1j,men,client - rmm accelerator men,,
Marit Rydland,soulspace.as@gmail.com,9.22.26,Week 1,no rmm,,OhaVS1HWx3twHOp5h3OP,women,client - group only women,,
Doug Roland,daroland@gmail.com,9.21.26,Week 2,no rmm and checkin,,g7uvTfCkinZ59x1dU0oe,men,client - rmm accelerator men,,
Bryan Draper,bryanjdraper@gmail.com,9.23.26,Week 1,no rmm,,SH4XPqqbgMmBh89HiUNQ,men,client - accelerator men|client - rmm accelerator men,,
Justin Huntington,justinhuntington061@gmail.com,9.24.26,Week 1,no rmm and checkin,,F2ER6k4TUV7YXMPOT9Q8,men,client - accelerator men|client - rmm accelerator men,,
Leslie Ames,leslieames@yahoo.com,9.24.26,Week 1,no rmm and checkin,,9EBIhFwIQMXESdACgWmC,women,client - rmm accelerator women,,rmm- checkin (women)
Jared Douglas McGrath,mcgrathstruckandtree@yahoo.com,9.24.26,Week 1,no rmm and checkin,,Jni7zRqNg53qA7kJV1FD,men,client - rmm accelerator men,,
