Isaac Thorpe,men,10,['catchup- checkin (men)'],ok
Curtis Spearman,men,9,[],ok
Todd Varnadoe,men,9,['catchup- checkin (men)'],ok
Dustin Quick,men,9,[],ok
Brian Galfo,men,8,[],ok
Brandon Gallas,men,8,[],ok
Gavin Butcher,men,7,[],ok
Oli Adams,men,7,['catchup- checkin (men)'],ok
Steve Piorro,men,7,['catchup- checkin (men)'],ok
Bjarni Freyr,men,7,[],ok
Greg  White,men,7,[],ok
Aidan Zwar,men,7,['catchup- checkin (men)'],ok
Chris DeVito,men,6,['catchup- checkin (men)'],ok
Shea Fehrenbach,men,6,[],ok
Kevin O’Dwyer,men,6,[],ok
paul Fluharty,men,6,[],ok
Philip Stalewski,men,6,['catchup- checkin (men)'],ok
Lucas Watson,men,6,['catchup- checkin (men)'],ok
Robert Gregory,men,5,['catchup- checkin (men)'],ok
Brian Mitchell,men,5,[],ok
jakoda,men,5,['catchup- checkin (men)'],ok
Jed padilla,men,5,['catchup- checkin (men)'],ok
Tyler Rieland,men,5,['catchup- checkin (men)'],ok
Russ Carnes,men,5,[],ok
Nathan Whitaker,men,5,['catchup- checkin (men)'],ok
Eric Da Rosa,men,4,[],ok
Can (John) Evizi,men,4,['catchup- checkin (men)'],ok
Javier Alcover,men,4,['catchup- checkin (men)'],ok
Darren Wang,men,4,['catchup- checkin (men)'],ok
Nick Sincerbox,men,3,['catchup- checkin (men)'],ok
Brandon Martin,men,3,['catchup- checkin (men)'],ok
Dylan Russum,men,3,[],ok
Cooper Tan,men,3,[],ok
Brendan Logan,men,2,[],ok
Zachary Schmid,men,2,['catchup- checkin (men)'],ok
Nick Cazel,men,2,[],ok
Vadim Kuzilov,men,2,[],ok
Adam McCabe,men,2,['catchup- checkin (men)'],ok
Doug Roland,men,2,['catchup- checkin (men)'],ok
Bryan Draper,men,2,[],ok
Justin Huntington,men,1,"['general- rrm men', 'rmm- checkin (men)']",ok
Jared Douglas McGrath,men,1,"['general- rrm men', 'rmm- checkin (men)']",ok
Ashley McCarthy,women,9,"['catchup- rmm (women)', 'catchup- checkin (women)']",ok
Jessica Retterath,women,8,"['catchup- rmm (women)', 'catchup- checkin (women)']",ok
Melissa Gorsich Reitter,women,8,"['catchup- rmm (women)', 'catchup- checkin (women)']",ok
Lindsy Baize,women,8,"['catchup- rmm (women)', 'catchup- checkin (women)']",ok
Lacey Williams,women,7,['catchup- rmm (women)'],ok
Marisa Lacey,women,7,['catchup- rmm (women)'],ok
Kathleen Weber,women,7,"['catchup- rmm (women)', 'catchup- checkin (women)']",ok
Kali Piorro,women,7,"['catchup- rmm (women)', 'catchup- checkin (women)']",ok
Ranae Candia,women,6,['catchup- rmm (women)'],ok
Deborah Mitter,women,6,['catchup- rmm (women)'],ok
Nina Ushman,women,5,"['catchup- rmm (women)', 'catchup- checkin (women)']",ok
Leslie Luss,women,4,"['catchup- rmm (women)', 'catchup- checkin (women)']",ok
Tonya Brocket,women,4,['catchup- rmm (women)'],ok
Melanie Han,women,4,"['catchup- rmm (women)', 'catchup- checkin (women)']",ok
Justina Avila-Rieger,women,4,"['catchup- rmm (women)', 'catchup- checkin (women)']",ok
Karen Thompson,women,3,"['catchup- rmm (women)', 'catchup- checkin (women)']",ok
Brianna Coppage,women,3,"['catchup- rmm (women)', 'catchup- checkin (women)']",ok
Heather Kauffman,women,2,['catchup- rmm (women)'],ok
Marit Rydland,women,2,['catchup- rmm (women)'],ok
Leslie Ames,women,1,['general- rmm women'],ok
