contactId,name,email,assignedTo_before
vZbsbjDxB6ej47JPFvQE,anna chen,chen.anna24@gmail.com,uLWcXHmRp4GXKtgU62su
mfor37i5ozbAuT54bin2,steve huft,shuft175@yahoo.com,uLWcXHmRp4GXKtgU62su
yNGm0hi18GwaI1Q3XCAY,patricia poe,patricia@eliteppe.com,uLWcXHmRp4GXKtgU62su
JLpWuEFMFij7AIda2S94,julie culbertson,jsparkles87@yahoo.com,uLWcXHmRp4GXKtgU62su
MSE0LzUHUJZyy9FFgVb9,mark poffenroth,markpoffenroth@yahoo.ca,uLWcXHmRp4GXKtgU62su
k5UgH3cRbKsuPon0yQoN,katrina cole,katrinavec@yahoo.com,uLWcXHmRp4GXKtgU62su
YRyDLrcluphrK4arWh2k,dale zak,dalezak@gmail.com,uLWcXHmRp4GXKtgU62su
6XtKl0B0a4Cylo7euz9O,rebecca piks,beckypiks@gmail.com,uLWcXHmRp4GXKtgU62su
JwXcBODuLVAE3SYbc4Oz,andrew pulli,andrew.p.pullinger@gmail.com,uLWcXHmRp4GXKtgU62su
pggkQavdh91DCftJKAK9,nicola mclaughlin,nicola.mclaughlin@rocketmail.com,uLWcXHmRp4GXKtgU62su
SluvpfYRwso9EyUCqIo1,pete jezek jezek,planeguy77@comcast.net,uLWcXHmRp4GXKtgU62su
ZlIM05d6e06j6Z9L6qzW,jesper nyden,jesper.nyden@frontbilar.se,uLWcXHmRp4GXKtgU62su
WJOegwrlXcUlUk17C9cf,david bremmer brummer,davidjbrummer@gmail.com,uLWcXHmRp4GXKtgU62su
ceaSl4ldLH5h0f25D27J,vanessa cicciarelli,rawbeautyacu@gmail.com,uLWcXHmRp4GXKtgU62su
CpMy5qNHWOldBLxePUPI,jon hanson,alexiapipergigi@gmail.com,uLWcXHmRp4GXKtgU62su
iWBPEnwFhiLZgwPkSwKW,tina cable,tinaabbicable@gmail.com,uLWcXHmRp4GXKtgU62su
1S1UucCppZsgXMtsen1z,megan wright,meganwright1188@gmail.com,uLWcXHmRp4GXKtgU62su
hpL4m2kKXuhFN4vJYgpO,melissataylor taylor,missa514@gmail.com,uLWcXHmRp4GXKtgU62su
CO1P8w7NrfDbwep3tn7L,cara,cara64@gmail.com,uLWcXHmRp4GXKtgU62su
OhfDcHDkE6mpSdFjJ4KN,robert michaud,robert.michaud.83@gmail.com,uLWcXHmRp4GXKtgU62su
KFLTjDLqatExQmjAAqIt,dennis watson,dennis22watson@gmail.com,uLWcXHmRp4GXKtgU62su
4zwUSdXJVZ42R8on6REV,eitan naggar,eitannaggar@gmail.com,uLWcXHmRp4GXKtgU62su
7BtvZwDLrFqbeMfU94jW,mark higgins,mark_e_higgins@yahoo.com,uLWcXHmRp4GXKtgU62su
kg8qo81KbAoxGnZJYpMR,mike dziombak,mike_dziombak@hotmail.com,uLWcXHmRp4GXKtgU62su
sb10BW2M874s3lDImDrm,amy petrikova,amy.l.d.stone@hotmail.com,uLWcXHmRp4GXKtgU62su
rp9COza8d8T9GuXu5Rfd,patrick mccauley,paddy106@hotmail.com,uLWcXHmRp4GXKtgU62su
e5GPbLJCsYm6Boil6A1X,maja pavlica,pavlicamaja16@gmail.com,uLWcXHmRp4GXKtgU62su
9naj18IJp9uaqqJVKVRX,ashley barnard,ashley.barnard03@gmail.com,uLWcXHmRp4GXKtgU62su
iRBNqR2wt3szuE7Mx58H,drew cahan,cahan.drew@gmail.com,uLWcXHmRp4GXKtgU62su
XDacow0ydIVovxvFPDVH,matt david,fuzzy077@aol.com,uLWcXHmRp4GXKtgU62su
NYeW8pHdszFQpkWGhv5G,doug hungate,hungated@gmail.com,uLWcXHmRp4GXKtgU62su
iQ1V23w57fQUb1AlwW3i,sonya macintosh,director@littleexplorerscornwall.co.uk,uLWcXHmRp4GXKtgU62su
Zi6YuGyUW8TGiW0vcM8p,kimberly vlietinck,kimberly.vlietinck@gmail.com,uLWcXHmRp4GXKtgU62su
E05reaytCLJHaofDUm6R,michelle george,mgeorge42508@yahoo.com,uLWcXHmRp4GXKtgU62su
LcnxsgFTE3Qr7COxF33x,bianca leon,bleon941@gmail.com,uLWcXHmRp4GXKtgU62su
up5AgkuedWhP95Ht8vSL,jeff malone,jmalone262@gmail.com,uLWcXHmRp4GXKtgU62su
UNKKJHkvKxv9DG37KDw5,simms brooks,simmsbrooks@gmail.com,uLWcXHmRp4GXKtgU62su
JaRlq8dVBKfHbBUoTagy,brent dobson,,uLWcXHmRp4GXKtgU62su
GmQZG4UdwPE5HlhmXfux,erin brown,erin_e_brown@outlook.com,uLWcXHmRp4GXKtgU62su
MRJvenJ1dAgYhcmgahGn,mike herringer,mike.herringer@gmail.com,uLWcXHmRp4GXKtgU62su
5Ims93Pltuz8t7fluMWb,steve and maggie deutsch,steveldeutsch@gmail.com,uLWcXHmRp4GXKtgU62su
LVwe7m7y1rhxsKvtL12v,denise mayer,cd2545@msn.com,uLWcXHmRp4GXKtgU62su
6vwKLO4FHJAKDGJ0uqoq,karen harris,karenharris56@msn.com,uLWcXHmRp4GXKtgU62su
OA4zp8UCYCfRcuuQ9efL,spencer lundskog,spencer.lundskog.bkka@gmail.com,uLWcXHmRp4GXKtgU62su
Z5IvOIfaam7g1llok2Vo,brenton fischer,brentof2@gmail.com,uLWcXHmRp4GXKtgU62su
NkvUYKducUxZN8UagzYE,jacqueline graham,cplusj19@gmail.com,uLWcXHmRp4GXKtgU62su
mPxTKsWpvJ5KMwxF1EHJ,oli adams,,uLWcXHmRp4GXKtgU62su
mm5m0KzZojwzcEw8GDc7,hal smith,hal.smith@rocketmail.com,uLWcXHmRp4GXKtgU62su
HHQem4gAgUIdUAoilL1L,nazar biletskyy,nazarbill0@gmail.com,uLWcXHmRp4GXKtgU62su
Y4orKldlZ60nUANmO28T,jordan taylor,bkrandy4life@gmail.com,uLWcXHmRp4GXKtgU62su
RUhNb3t0TOATxShd8c57,tim cooper,coop394@protonmail.com,uLWcXHmRp4GXKtgU62su
vV5pPy7pLTJK7v31FZZf,baltazar gonzalez,boldyg34@gmail.com,uLWcXHmRp4GXKtgU62su
belhHlKG1qz5YWdxxeDu,derrick frieze,d.frieze410@yahoo.com,uLWcXHmRp4GXKtgU62su
Fku8FjJJ7jaUDdIrRkeb,karen harris 2,karenlimov56@gmail.com,uLWcXHmRp4GXKtgU62su
bGigJMSorOy68qtlytgU,david setterlund,atomicknight119@hotmail.com,uLWcXHmRp4GXKtgU62su
X0V1gcnEHIiZZs7Gmh8I,michelle curti,michelle.curti@yahoo.com,uLWcXHmRp4GXKtgU62su
bYgDMlOnsV8pUS4B8CRV,kip chaichana,kipkchaichana5@gmail.com,uLWcXHmRp4GXKtgU62su
TUVX4IY4nZc2bprbIC0K,grant derkac,grant.derkac@yahoo.com,uLWcXHmRp4GXKtgU62su
ijyD0r6iZEpT81cwfUb3,shawna fesler,shawnajo222@gmail.com,uLWcXHmRp4GXKtgU62su
5vdouepRZ0ecjrG7J7k9,briana parker,briana.murphy.parker@gmail.com,uLWcXHmRp4GXKtgU62su
DaNcFEv2jpZCl79wqEeQ,jaclyn mainiero,jaclynw24@gmail.com,uLWcXHmRp4GXKtgU62su
YXjlPaRMoZXMxSR7PEDr,amanda herrera,mandyr86@msn.com,uLWcXHmRp4GXKtgU62su
mvnxvrqs86BcFPZrRdYp,jeff ritchie,waterfowler2422@yahoo.com,uLWcXHmRp4GXKtgU62su
ywIMYFpaq87oR8onkHAN,ian mcabeer,mcabeer@gmail.com,uLWcXHmRp4GXKtgU62su
rGwMDGms9yuYY0qSbEMh,benny oakes,benton.oakes@gmail.com,uLWcXHmRp4GXKtgU62su
UGr9iMM06nVFycyct7if,greg white,greg@amcraftcabinets.com,uLWcXHmRp4GXKtgU62su
Dth6a5C58xpVO8dE1Ec2,grace shiell phelps,graceshiell@gmail.com,uLWcXHmRp4GXKtgU62su
l18izonAvGKBVEBp6kOH,adam weber,amwfarms83@gmail.com,uLWcXHmRp4GXKtgU62su
JEgM2JpB58pJMukgD8sH,patrick mccain,pmccain@gmail.com,uLWcXHmRp4GXKtgU62su
SavB3IGg5ME6k9PfMGjx,annie asher,a.k.mehren@gmail.com,uLWcXHmRp4GXKtgU62su
ob3fz9HS9YXSCaUcIquw,charlotte cowell,,uLWcXHmRp4GXKtgU62su
S9dt2v0Vkj2LuF6kUJQz,kyle hertel,kylehertel0386@gmail.com,uLWcXHmRp4GXKtgU62su
bcO2uU74bZ3xrh067oUz,paige pulichino,pemastrandrea@gmail.com,uLWcXHmRp4GXKtgU62su
cxj5rr0liUbI0xbaQoiY,jenny rottmayer,jennyrottmayer@live.com,uLWcXHmRp4GXKtgU62su
WzJHgDXrMbyx1IEZyVXs,jena jones,jenalinjones@gmail.com,uLWcXHmRp4GXKtgU62su
PY3clFuokV1YzCCYDl9u,frederik wils,frederikwils84@gmail.com,uLWcXHmRp4GXKtgU62su
qxlPSjIYaouV9Sze3G34,sarah matts,sarahmatts29@gmail.com,uLWcXHmRp4GXKtgU62su
MWkmkT1oc2yIoxiUzLxi,amanda nyden,nydenamanda@gmail.com,uLWcXHmRp4GXKtgU62su
qRpYe8BB8Glrnm84Be5H,jared tomaszewski,jared.tomaszewski@gmail.com,uLWcXHmRp4GXKtgU62su
XTOs588G6n9hzuCLI7IM,cynthia chan,cpchan007@gmail.com,uLWcXHmRp4GXKtgU62su
Y3YRQvdeshLlIcN5J4Nd,jason kelly,jkellysoutdoors@gmail.com,uLWcXHmRp4GXKtgU62su
ehxS9N5mxlJw1G95h5Do,josh lyman,jlyman13@gmail.com,uLWcXHmRp4GXKtgU62su
cdfvxH5x5sMvW6V3WVpC,katie grannell,ktgrannell@gmail.com,uLWcXHmRp4GXKtgU62su
SSX4MyINGjaSgIejrVLJ,justin mohrig,jmohrig02@gmail.com,uLWcXHmRp4GXKtgU62su
jbeGKYFb0yeiUskjAWe1,sarah reihart,sararei04@yahoo.com,uLWcXHmRp4GXKtgU62su
m28HpwG1eHuOty0x9y3d,aidan zwar,aidanzwar20@outlook.com,uLWcXHmRp4GXKtgU62su
6V0PmgmlZCb3eiaAuogd,taylor darcy,taylordarcy@me.com,uLWcXHmRp4GXKtgU62su
5Wv8KIvBMGA7AR1biVzV,danielle putici,danielle@putici.com,uLWcXHmRp4GXKtgU62su
SsMWhAbYKQmbyMGsBHYT,bjarne eggesbo,bjarne.eggesbo@gmail.com,uLWcXHmRp4GXKtgU62su
TSTwfEbaLK5rx5HPD275,peter walauskas,pwalauskas90@gmail.com,uLWcXHmRp4GXKtgU62su
4jVeV2weahO1Qawyh18X,jimmy durkin,durkin.jimmy@gmail.com,uLWcXHmRp4GXKtgU62su
BcZJzExdvIIkBsf3n96r,test test,tesat@gmail.com,uLWcXHmRp4GXKtgU62su
VvfwDiMSwId1hMSmYsAr,michael thompson,michaelsphone@yahoo.com,uLWcXHmRp4GXKtgU62su
pxGE2zb06DZUp6bD44U8,angel banks,mrs.angelbanks@yahoo.com,uLWcXHmRp4GXKtgU62su
S4RxK1Taq7AZbvZp1BUJ,rob deutsch,rdeutsch8@gmail.com,uLWcXHmRp4GXKtgU62su
DkHDqm3jjUUiY5PP1xxN,curtis spearman,charris79780@gmail.com,uLWcXHmRp4GXKtgU62su
pdx91506uuHt2RPQDsFG,dustin quick,dustyq0142@gmail.com,uLWcXHmRp4GXKtgU62su
Y64ey0diZUQX5Qs3o3E0,ashley mccarthy,ashley.mulwee@icloud.com,uLWcXHmRp4GXKtgU62su
pKyx3Y4eaXNdhv1uewFK,isaac thorpe,isaac.thorpe@hotmail.com,uLWcXHmRp4GXKtgU62su
QAxX2zznSTluSWKacPD4,dave salon,dave.salon@gmail.com,uLWcXHmRp4GXKtgU62su
ZWx1zqtuwkDkMHITkFje,kyle eads,sfcollectionkicks@yahoo.com,uLWcXHmRp4GXKtgU62su
4ZEWJmwtaFGr45vb2oXt,charlotte cowell,charlottecowell@gmail.com,uLWcXHmRp4GXKtgU62su
434w93TEDizBm2B6bY3L,alfredo paredes,ap485@icloud.com,uLWcXHmRp4GXKtgU62su
eMUvQEsLzSG1ICZyn40d,holly palmer,hlhenderson@hotmail.co.uk,uLWcXHmRp4GXKtgU62su
YfxXAecsnQat98tw400P,todd varnadoe,toddvarnadoe@gmail.com,uLWcXHmRp4GXKtgU62su
qoGXsel1OOHCWtZUqtMo,nina ushman,nina.ushman@gmail.com,uLWcXHmRp4GXKtgU62su
bcBm1FxNXJyy0N2Q1pyk,chris devito,csdevito89@gmail.com,uLWcXHmRp4GXKtgU62su
HSQr3w4UYXPk740JCm0U,jessica retterath,jessi.m.jacobson@gmail.com,uLWcXHmRp4GXKtgU62su
MPvOKYipUctPlV2JHnF7,test contact,testcontact@gmail.com,uLWcXHmRp4GXKtgU62su
drWt7V5o83wUm5RADMtu,lindsy baize,wacolindsy@gmail.com,uLWcXHmRp4GXKtgU62su
JH7ah4vDIYTrG9bS8x96,gavin butcher,gbutcherpga@gmail.com,uLWcXHmRp4GXKtgU62su
XyVZxFQoVLTE04cqbIY6,brian galfo,galfo877@gmail.com,uLWcXHmRp4GXKtgU62su
x64xTm1zsk0Jd2jRqezK,melissa gorsich reitter,mcarp24@aol.com,uLWcXHmRp4GXKtgU62su
lfdkBpS0kcMbfxdYwMXm,lucas watson,watsonlucas.1@gmail.com,uLWcXHmRp4GXKtgU62su
JPfBs6MdAbv5oYCEyWL6,brandon gallas,bgallas_1@hotmail.com,uLWcXHmRp4GXKtgU62su
PeJRTyoWU3bwaTVidsO4,kali piorro,kalipiorro@gmail.com,uLWcXHmRp4GXKtgU62su
UkC8DeZJ5mnf9qBflHUH,lacey williams,lacey.williams1445@gmail.com,uLWcXHmRp4GXKtgU62su
0cEn8yJCN7B1yhhhFjNG,marisa lacey,marisawalden@gmail.com,uLWcXHmRp4GXKtgU62su
iUNlWfdj2KVQebnycBsa,paul fluharty,paul.i.fluharty@gmail.com,uLWcXHmRp4GXKtgU62su
GenZ4aleEiEFtC9qzkyG,javier alcover,javieralcover@gmail.com,uLWcXHmRp4GXKtgU62su
pp1l63gcI5mkfmsiekOj,oli adams,adams_oli@hotmail.co.uk,uLWcXHmRp4GXKtgU62su
WzzbY85MDBn2P6LFdIIv,kathleen weber,kathleensweber07@gmail.com,uLWcXHmRp4GXKtgU62su
UE9XC7bNu86uSFGE6jfJ,philip stalewski,philip.j.stalewski@gmail.com,uLWcXHmRp4GXKtgU62su
lu0z9qd2CMSyU5CKOPRR,steve piorro,steve@naked.media,uLWcXHmRp4GXKtgU62su
42rWXU7FLhS3lTpDGQ4I,justin snider,jsnides2121@gmail.com,uLWcXHmRp4GXKtgU62su
ZRUhtGho3GpGMR3B5q95,katie jakemer,katie.jakemer@gmail.com,uLWcXHmRp4GXKtgU62su
lO7ZB1CwMM3LqdMrNH73,john vandrie,vandrie.john@gmail.com,uLWcXHmRp4GXKtgU62su
hcC2cnByA5w4A83BhEvi,dusti ross,rossbulldogs3@aol.com,uLWcXHmRp4GXKtgU62su
QpiabQDOO92O3huy8iOt,dewey brannon,deweybrannon1@gmail.com,uLWcXHmRp4GXKtgU62su
wGTkPywwz4zhtzc3C7Ts,ranae candia,ranae.candia13@gmail.com,uLWcXHmRp4GXKtgU62su
J3x3s7D9XbfS5ZoMjNcZ,robert gregory,r0b28591@gmail.com,uLWcXHmRp4GXKtgU62su
Ubw9sqkHpuLrxUbq7jL8,shea fehrenbach,shea.fehrenbach@gmail.com,uLWcXHmRp4GXKtgU62su
7wNYS9AVIdseX7QQGsN5,kevin o’dwyer,kevin@odwyerfamily.net,uLWcXHmRp4GXKtgU62su
wDViMsqgG7dM3eK7JLrZ,jakoda mathews,jmathews428@hotmail.com,uLWcXHmRp4GXKtgU62su
IeTVtZK0rzjfYObnwvME,mark beaumont,mlbeaumont@btinternet.com,uLWcXHmRp4GXKtgU62su
M7lT33UZAhef38NiRfaM,brian mitchell,climbing2jesus@yahoo.com,uLWcXHmRp4GXKtgU62su
Kg8rEPheoUXg5axdqm2y,deborah mitter,deborahamitter1021@att.net,uLWcXHmRp4GXKtgU62su
YNaABbqugCxhK4MkzF6m,russ carnes,russell.carnes91@gmail.com,uLWcXHmRp4GXKtgU62su
fk2G9EhxMhQZ1XpVVzow,leslie luss,leslieluss12@gmail.com,uLWcXHmRp4GXKtgU62su
NrDcQZTnhTWixyMXDnjn,carlos loza,carlos85loza@gmail.com,uLWcXHmRp4GXKtgU62su
uGhhG2ZpxRtTNWAz7n5Y,ryan garcia,ryan.gar3ia@gmail.com,uLWcXHmRp4GXKtgU62su
Rq2rcRcuw4wa6PBvC65h,tyler rieland,tylerrieland1@gmail.com,uLWcXHmRp4GXKtgU62su
QBLCwImoJOMs1YvShYnh,nathan whitaker,whitakern@lithko.com,uLWcXHmRp4GXKtgU62su
wLirU8nYeY6rWPsOVDfx,justina avila-rieger,justinaavila48@gmail.com,uLWcXHmRp4GXKtgU62su
LPT35PsBLaEiVb2CD4n5,tonya brocket,punkrock_mom@yahoo.com,uLWcXHmRp4GXKtgU62su
PbvI1qA9LASe2kzZML6v,melanie han,melaniehan@yahoo.com,uLWcXHmRp4GXKtgU62su
xwmW74kFxB4RaBpwXwat,test test0002,testtest0002@gmail.com,uLWcXHmRp4GXKtgU62su
wt4HSVqJzPtUd3iX8d4E,test test00000,johncaintic01@gmail.com,uLWcXHmRp4GXKtgU62su
2EE71959zvoyRb8pfA7p,test test0001,testtest0001@gmail.com,uLWcXHmRp4GXKtgU62su
fiNAcg7XEBhlfUBcuj5a,jordan philpott,jphilpott32@gmail.com,uLWcXHmRp4GXKtgU62su
p27hBY8mrpqcwlrC48Tn,eric darosa,ericdarosa@comcast.net,uLWcXHmRp4GXKtgU62su
zpNGyuM7h1qyTFnZGVqH,darren wang,darrenwang1108@gmail.com,uLWcXHmRp4GXKtgU62su
lkSlEGsoSoAALJydScKF,can evizi,csevizi@gmail.com,uLWcXHmRp4GXKtgU62su
EyqvyJX5xdq2pxz0K5rl,nick sincerbox,nsincerbox@gmail.com,uLWcXHmRp4GXKtgU62su
