NAME,EMAIL,DATE STARTED,CURRENT WEEK,,
Curtis Spearman,charris79780@gmail.com,July 31,Week 9,,
Isaac Thorpe,Isaac.thorpe@hotmail.com,July 29,Week 9,no rmm and checkin,
Ashley McCarthy,ashley.mulwee@icloud.com,July 31,Week 9,no rmm and checkin,
Curtis Spearman,charris79780@gmail.com,July 31,Week 9,no rmm and checkin,wrong tag
Todd Varnadoe,toddvarnadoe@gmail.com,August 4,Week 8,no rmm and checkin,
Dustin Quick,99@yahoo.com,Aug 4,Week 8,no rmm   ,
Jessica Retterath,jessi.m.jacobson@gmail.com,Aug 7,Week 8,no rmm and checkin,
Brian Galfo,galfo877@gmail.com,8/11/26,Week 7,no rmm,
Melissa Gorsich Reitter,mcarp24@aol.com,Aug 12,Week 7,no rmm and checkin,
Lindsy Baize,wacolindsy@gmail.com,Aug 12,Week 7,no rmm and checkin,
Brandon Gallas,bgallas_1@hotmail.com,Aug 12,Week 7,no rmm,
Lacey Williams,Lacey Williams,Aug 13,Week 7,no rmm,
Gavin Butcher,gbutcherpga@gmail.com,Aug 14,Week 7,no rmm ,
Marisa Lacey,marisawalden@gmail.com,Aug 16,Week 7,no rmm,
Kathleen Weber,kathleensweber07@gmail.com,Aug 16,Week 7,no rmm and checkin,
Oli Adams,adams_oli@hotmail.co.uk,Aug 17,Week 7,no rmm and checkin,
Kali Piorro,kalipiorro@gmail.com,Aug 17,Week 7,no rmm and checkin,
Steve Piorro,steve@naked.media,Aug 17,Week 7,no rmm and checkin,
Bjarni Freyr,bjarni@volcanotrails.is,Aug 17,Week 7,no rmm,
Greg  White,Greg@amcraftcabinets.com,Aug 19,Week 6,no rmm,
Aidan Zwar,aidanzwar20@outlook.com,Aug 19,Week 6,no rmm and checkin,
Chris DeVito,csdevito89@gmail.com,Aug 20,Week 6,no rmm and checkin,
Shea Fehrenbach,shea.fehrenbach@gmail.com,Aug 22,Week 6,no rmm,wrong tag
Kevin O’Dwyer,kevin@odwyerfamily.net,Aug 23,Week 6,no rmm,
paul Fluharty,paul.i.fluharty@gmail.com,Aug 23,Week 6,no rmm,
Ranae Candia,ranae.candia13@gmail.com,Aug 23,Week 6,no rmm,
Philip Stalewski,philip.j.stalewski@gmail.com,Aug 23,Week 6,no rmm and checkin,
Lucas Watson,watsonlucas.1@gmail.com,Aug 25,Week 5,no rmm and checkin,
Robert Gregory,r0b28591@gmail.com,Aug 27,Week 5,no rmm and checkin,
Deborah Mitter,deborahamitter1021@att.net,Aug 25,Week 5,no rmm,wrong tag
Nina Ushman,nina.ushman@gmail.com,8.27.26,Week 5,no rmm and checkin,
Brian Mitchell,climbing2jesus@yahoo.com,8.27.26,Week 5,no rmm,
jakoda ,jmathews428@hotmail.com,Aug 29,Week 5,no rmm and checkin,
Jed padilla,jedpadilla@gmail.com,8.31.26,Week 5,no rmm and checkin,
Tyler Rieland,tylerrieland1@gmail.com,9.2.26,Week 4,no rmm and checkin,
Russ Carnes,russell.carnes91@gmail.com,9.2.26,Week 4,no rmm,
Nathan Whitaker,whitakern@lithko.com,9.2.26,Week 4,no rmm and checkin,
Leslie Luss,leslieluss12@gmail.com,9.3.26,Week 4,no rmm and checkin,
Tonya Brocket,punkrock_mom@yahoo.com,9.3.26,Week 4,no rmm,
Melanie Han,melaniehan@yahoo.com,9.4.26,Week 4,no rmm and checkin,
Justina Avila-Rieger,justinaavila48@gmail.com,9.8.26,Week 3,no rmm and checkin,
Eric Da Rosa,ericdarosa@comcast.net,9.8.26,Week 3,no rmm,
Can (John) Evizi,camevizi@yahoo.com,9.9.26,Week 3,no rmm and checkin,
Javier Alcover,javieralcover@gmail.com,9.9.26,Week 3,no rmm and checkin,
Darren Wang,darrenwang1108@gmail.com,9.9.26,Week 3,no rmm and checkin,
Alex Baldassari -,abaldessari@gmail.com,9.10.26,Week 3,no rmm and checkin,
Nick Sincerbox,nsincerbox@gmail.com,9.10.26,Week 3,no rmm and checkin,
Brandon Martin,wm.brandon.martin@gmail.com,9.10.26,Week 3,no rmm and checkin,
Karen Thompson,karenethompson11@gmail.com,9.14.26,Week 3,no rmm and checkin,
Brianna Coppage,briwinistoerfer@gmail.com,9.15.26,Week 2,no rmm and checkin,
Dylan Russum,dylanrussum@gmail.com,9.15.26,Week 2,no rmm,
Cooper Tan,cooptann@gmail.com,9.16.26,Week 2,no rmm,
Brendan Logan,brendanlogan8@gmail.com,9.17.26,Week 2,no rmm,
Heather Kauffman,hkauffman@hotmail.com,9.17.26,Week 2,no rmm,
Zachary Schmid,schmid.zachary77@gmail.com,9.18.26,Week 2,no rmm and checkin,
Nick Cazel,hkauffman@hotmail.com,9.18.26,Week 2,no rmm,
Vadim Kuzilov,kuzilovvadim@gmail.com,9.21.26,Week 2,no rmm,
Adam McCabe,adamsrabbitry26@hotmail.com,9.21.26,Week 2,no rmm and checkin,
Marit Rydland,soulspace.as@gmail.com,9.22.26,Week 1,no rmm,
Doug Roland,daroland@gmail.com,9.21.26,Week 2,no rmm and checkin,
Bryan Draper,bryanjdraper@gmail.com,9.23.26,Week 1,no rmm,
Justin Huntington,justinhuntington061@gmail.com,9.24.26,Week 1,no rmm and checkin,
Leslie Ames,leslieames@yahoo.com,9.24.26,Week 1,no rmm and checkin,
Jared Douglas McGrath,mcgrathstruckandtree@yahoo.com,9.24.26,Week 1,no rmm and checkin,